Child_Age,Child_Gender,fees,attendance,marksheet,puberty,ec_status,health_cond,part_time,Dropped_out
15,Male,0,74.2,74.4,0,low,good,0,0
16,Male,0,80.4,75.6,0,low,good,0,0
14,Male,1,94.6,71.1,0,low,good,1,1
16,Female,0,98.0,45.7,0,middle,average,0,0
16,Female,1,87.5,66.3,0,low,average,1,1
13,Female,0,85.9,61.6,0,high,average,0,0
14,Female,0,71.5,75.8,0,high,good,0,0
14,Female,1,83.6,51.4,1,middle,good,1,1
14,Female,1,85.6,35.0,0,middle,poor,0,1
16,Female,1,77.9,70.4,0,low,good,0,0
15,Female,0,74.1,21.6,0,low,poor,0,1
14,Female,0,67.2,49.0,0,middle,average,0,0
17,Male,0,62.6,44.7,0,low,average,0,1
16,Male,0,60.5,44.6,0,low,average,0,1
13,Male,1,85.8,48.8,0,middle,good,1,1
15,Male,0,81.5,78.3,0,low,average,1,0
17,Female,1,75.2,72.3,0,high,poor,0,0
17,Female,0,76.7,56.2,0,low,average,1,1
13,Male,0,82.1,77.0,0,middle,average,1,0
15,Female,0,78.4,44.1,0,middle,average,0,0
16,Male,1,66.6,42.0,0,middle,average,0,1
12,Female,1,89.1,73.0,0,low,poor,0,1
15,Male,1,83.0,68.7,1,middle,average,0,1
13,Female,1,82.7,53.1,0,high,average,0,1
17,Female,1,88.4,43.0,0,low,good,1,1
16,Male,1,71.9,81.9,0,low,poor,0,1
15,Female,0,92.1,34.2,0,middle,average,0,0
12,Male,0,78.6,51.0,0,middle,average,0,0
12,Male,0,88.9,63.4,0,low,average,0,0
14,Male,1,87.3,87.0,0,high,average,0,0
14,Male,1,69.6,65.7,0,low,good,0,0
13,Female,0,85.0,67.2,1,low,good,0,1
15,Female,1,83.3,51.5,0,middle,good,0,0
15,Female,1,80.3,68.5,0,middle,average,0,1
17,Male,0,79.1,61.6,0,high,average,0,0
17,Female,0,79.1,36.2,0,high,good,0,0
17,Male,1,88.1,71.9,0,low,average,0,1
14,Female,0,85.8,74.6,0,low,poor,0,0
15,Female,1,80.3,72.1,0,low,good,0,0
15,Female,0,65.1,60.5,0,middle,average,0,1
12,Male,1,84.9,45.7,0,high,poor,1,1
14,Female,1,87.2,25.4,0,low,average,0,1
16,Female,1,100.0,62.4,0,low,average,0,1
14,Male,0,90.8,76.2,1,low,average,1,1
16,Female,1,61.0,74.9,0,high,average,0,0
12,Male,1,80.8,72.2,0,low,poor,0,1
13,Female,0,98.1,58.9,0,low,poor,1,1
15,Male,1,86.2,76.3,1,middle,average,0,1
12,Male,0,83.3,73.9,0,high,good,0,0
15,Female,0,89.0,53.7,0,middle,average,1,1
17,Male,0,73.8,70.1,0,middle,poor,0,0
13,Male,0,84.8,52.0,0,low,poor,0,1
13,Male,0,77.5,68.1,0,middle,good,0,0
12,Male,1,79.8,40.5,0,middle,average,0,1
13,Male,0,88.3,41.7,0,high,average,0,0
16,Male,1,70.7,75.9,0,low,poor,0,1
13,Female,0,92.9,74.1,0,low,good,1,0
15,Male,0,75.8,69.5,0,low,average,1,1
15,Male,0,82.6,61.3,0,low,average,1,1
15,Female,1,66.0,24.1,0,high,poor,0,1
15,Female,0,87.2,58.9,0,low,average,0,0
16,Female,1,94.5,66.8,0,low,good,1,1
14,Female,1,74.9,52.0,0,low,good,1,1
17,Female,1,68.9,49.3,0,low,average,0,0
12,Female,0,82.8,81.7,1,low,good,0,0
15,Female,0,94.5,59.1,0,low,poor,0,1
13,Male,1,65.5,66.8,0,low,average,0,0
15,Male,0,68.9,71.6,0,middle,average,0,1
13,Female,1,75.5,45.0,0,middle,average,1,1
17,Male,0,71.8,62.9,0,low,good,0,0
17,Male,1,71.8,79.8,0,high,poor,0,0
17,Male,1,59.1,87.3,0,middle,average,0,0
13,Female,1,85.9,60.6,0,middle,average,0,0
15,Female,0,83.4,56.4,0,low,average,0,0
17,Male,1,63.0,64.0,0,low,average,0,1
16,Female,0,94.6,63.7,0,low,poor,0,0
13,Male,0,96.8,80.8,0,low,good,0,0
13,Male,1,72.5,45.1,0,low,average,0,1
15,Male,1,91.7,55.8,0,high,average,0,1
13,Male,1,74.3,43.2,0,low,good,0,1
13,Female,1,81.8,44.8,0,low,good,1,1
17,Female,0,71.6,65.6,0,middle,poor,0,0
15,Female,0,100.0,72.1,0,low,good,1,0
17,Male,1,77.0,50.3,0,middle,poor,0,1
17,Female,0,81.3,71.6,0,middle,poor,1,0
15,Male,0,73.1,76.7,0,middle,average,1,0
12,Female,0,98.6,89.0,0,high,good,0,1
17,Male,0,98.9,61.0,0,low,poor,0,0
16,Male,0,96.3,50.4,0,middle,average,0,0
16,Male,0,89.6,45.0,1,high,poor,1,1
13,Female,0,73.8,43.5,0,middle,good,0,0
16,Female,0,88.3,78.7,0,low,average,0,0
13,Female,1,79.9,37.3,0,high,average,0,0
12,Female,0,93.1,78.3,0,low,average,1,0
15,Male,0,91.2,47.0,0,high,good,0,0
15,Female,1,73.5,49.7,0,low,good,0,1
15,Female,0,89.5,57.7,0,middle,average,0,1
16,Male,1,86.8,49.4,0,high,average,0,0
12,Male,1,52.3,74.0,0,low,good,0,1
16,Male,0,88.0,87.2,0,low,poor,0,0
16,Female,0,75.7,50.1,0,low,good,0,0
12,Male,1,71.1,53.5,0,high,good,1,0
12,Male,1,71.6,57.6,0,high,poor,0,0
12,Male,0,78.6,68.1,0,middle,average,0,0
12,Female,1,84.8,57.7,0,middle,average,0,0
15,Male,0,66.3,80.8,0,high,average,0,0
14,Female,1,81.9,77.2,0,low,average,0,1
14,Female,0,85.8,42.2,0,low,average,0,0
12,Male,1,98.6,67.8,0,middle,average,0,0
14,Male,1,69.2,82.8,0,low,average,0,0
14,Female,1,76.5,52.6,0,low,average,0,0
12,Male,0,82.6,55.6,0,low,poor,1,1
14,Male,0,91.5,52.1,0,low,good,0,0
16,Female,0,77.0,52.4,0,high,poor,1,0
13,Female,0,92.0,35.0,0,low,good,0,0
13,Male,0,60.6,40.1,0,middle,average,0,0
12,Female,1,67.5,61.2,0,low,average,0,1
15,Male,0,83.5,82.7,0,low,good,1,0
12,Male,0,65.9,50.8,0,low,average,0,1
15,Male,1,68.3,50.4,0,middle,average,0,1
13,Female,1,74.7,85.5,0,middle,poor,0,1
12,Male,1,87.7,43.4,0,high,average,0,0
17,Male,1,61.0,35.1,1,middle,average,0,1
16,Male,0,81.7,47.6,0,middle,poor,0,0
14,Female,0,90.3,50.1,0,middle,average,0,0
15,Female,1,78.1,33.8,0,high,poor,1,1
17,Female,1,76.3,58.1,0,middle,average,0,1
14,Female,0,84.0,74.2,0,low,poor,0,0
14,Female,1,78.1,40.7,0,middle,poor,0,1
12,Male,0,93.9,61.3,0,middle,poor,1,0
14,Female,0,68.9,65.9,0,middle,good,1,0
16,Female,0,79.5,58.7,0,low,poor,1,1
17,Female,0,82.1,62.8,0,high,average,0,0
14,Male,0,76.2,63.0,0,high,poor,1,0
12,Female,0,51.3,47.8,0,low,good,0,0
16,Female,1,78.4,82.5,0,high,poor,0,0
13,Male,0,89.0,78.7,0,low,good,0,0
17,Female,0,87.8,77.8,0,low,average,0,1
14,Male,1,83.5,75.2,0,low,poor,1,1
12,Male,1,69.0,36.4,0,low,good,0,1
13,Male,1,84.0,73.9,0,high,average,0,0
13,Male,1,74.3,69.8,0,low,average,0,1
15,Male,1,83.5,37.0,0,low,good,0,1
16,Female,0,81.2,56.8,0,low,good,0,0
14,Male,0,70.2,64.2,0,low,average,0,0
12,Male,0,71.1,85.0,0,low,average,1,0
15,Female,0,83.6,70.9,0,middle,good,0,0
16,Male,0,77.8,47.0,0,low,average,0,0
15,Female,1,71.6,85.4,0,high,good,0,0
17,Female,0,70.8,60.7,0,high,average,0,0
16,Female,0,77.0,56.2,0,low,average,1,1
16,Male,0,95.7,55.1,0,high,good,0,0
14,Male,1,74.7,35.6,0,low,poor,0,1
16,Male,0,79.9,58.4,0,low,average,0,0
15,Female,1,81.0,67.5,0,low,average,0,1
16,Male,0,68.7,54.2,0,low,average,0,0
14,Male,0,62.4,66.3,0,middle,poor,0,0
14,Male,0,69.7,47.0,0,middle,good,0,0
17,Female,1,82.5,57.9,0,low,average,0,1
15,Female,0,80.9,64.7,0,middle,average,0,0
13,Male,1,87.0,62.8,0,low,good,0,0
13,Male,0,81.0,35.9,0,middle,average,0,0
16,Male,0,78.9,53.4,0,low,poor,0,1
17,Male,1,74.0,85.2,0,low,poor,1,1
12,Female,1,88.8,52.6,0,low,good,0,1
16,Female,1,70.8,60.2,0,low,poor,0,1
17,Female,1,68.9,58.7,0,middle,average,0,1
15,Female,1,85.7,83.5,0,high,average,1,0
15,Male,1,66.7,79.4,0,low,average,0,1
15,Male,1,100.0,72.1,0,middle,poor,1,1
15,Male,1,80.8,45.4,0,middle,average,0,1
15,Female,1,83.5,65.4,0,high,average,1,0
17,Male,1,71.9,68.5,0,low,good,1,1
17,Female,1,76.8,49.5,0,low,poor,0,1
14,Female,0,75.7,46.9,0,high,average,0,1
13,Male,1,74.6,85.6,0,middle,average,0,0
15,Male,1,86.3,55.5,0,low,average,0,1
12,Male,0,75.5,84.2,0,low,average,0,0
17,Female,1,90.2,75.0,0,low,average,0,1
12,Male,0,100.0,66.1,0,middle,average,0,0
12,Female,0,77.0,66.8,0,middle,good,0,0
12,Male,1,81.5,39.0,0,low,average,0,1
14,Female,0,83.8,63.1,0,middle,average,0,0
17,Female,1,98.1,81.3,0,middle,poor,0,0
12,Male,1,79.2,70.2,0,middle,poor,1,1
15,Female,0,71.7,62.3,0,middle,poor,0,0
16,Female,0,67.3,85.7,0,high,poor,0,0
12,Male,0,79.4,57.2,0,low,average,0,0
14,Female,1,75.5,50.7,0,high,good,0,0
17,Male,1,100.0,62.3,0,low,average,0,1
14,Female,1,97.7,71.5,0,low,average,0,1
12,Male,0,69.7,34.2,0,low,poor,1,1
17,Male,1,72.9,64.3,0,low,average,0,1
16,Female,0,80.7,72.2,0,low,poor,0,0
12,Female,1,94.0,56.0,0,low,good,1,1
14,Female,0,80.6,76.6,0,high,average,0,0
13,Female,1,73.5,69.6,0,low,good,1,1
15,Female,0,79.4,92.1,0,middle,good,1,0
14,Male,1,73.7,48.7,0,low,average,0,1
17,Female,0,86.0,72.5,0,high,average,0,0
12,Male,1,72.9,44.7,1,middle,poor,0,1
15,Male,1,74.9,35.8,0,low,average,0,1
12,Female,0,91.6,29.5,0,middle,good,0,0
17,Male,1,72.3,68.1,0,middle,poor,1,1
12,Male,1,65.5,62.8,0,middle,good,0,0
13,Male,0,80.9,52.8,0,middle,average,0,0
15,Male,0,76.4,33.4,0,middle,good,0,0
15,Female,1,85.1,49.6,0,middle,good,0,0
17,Male,0,83.2,60.1,0,low,average,0,0
13,Female,0,79.7,71.9,0,low,average,0,0
14,Female,0,79.4,59.8,0,high,average,0,0
12,Male,1,72.6,63.8,0,low,good,0,0
16,Female,0,80.8,54.4,1,low,good,0,1
12,Female,1,88.8,86.2,0,low,good,0,0
12,Female,1,70.3,44.7,0,low,average,0,1
14,Male,1,79.9,49.5,0,high,average,0,1
12,Female,1,90.4,52.6,0,low,good,0,1
13,Female,0,85.1,68.1,0,low,average,0,0
13,Female,1,93.1,44.4,0,middle,good,0,1
15,Male,0,74.3,62.0,0,high,average,0,0
17,Female,0,61.7,62.5,0,low,poor,0,1
16,Male,0,82.0,49.6,0,low,average,0,0
12,Male,0,83.6,64.9,0,high,average,0,0
12,Male,1,93.7,44.9,0,middle,poor,0,1
14,Male,1,91.9,43.2,1,low,poor,0,1
17,Male,0,85.4,61.5,0,low,average,1,1
13,Male,0,87.7,35.1,0,low,poor,0,1
16,Female,1,78.1,27.8,0,low,average,0,0
15,Male,0,67.8,68.0,0,low,good,0,0
13,Female,0,81.2,75.7,0,high,good,0,0
17,Female,0,89.8,53.0,0,low,good,1,0
15,Male,1,86.6,50.0,0,middle,good,0,0
14,Female,1,88.3,75.1,0,low,average,1,1
14,Female,0,75.7,42.8,0,middle,average,0,0
12,Female,0,77.3,39.5,0,middle,average,0,0
17,Female,1,84.8,70.6,1,low,good,0,1
16,Male,1,74.5,60.1,0,middle,average,0,1
15,Female,0,74.8,76.0,0,low,poor,0,0
13,Male,1,83.0,27.9,0,high,good,0,0
17,Female,0,87.6,39.0,0,high,poor,0,0
17,Female,0,78.0,60.2,0,low,average,0,0
14,Male,1,68.4,66.3,0,low,poor,1,1
12,Female,0,72.6,72.7,1,low,average,0,1
12,Female,1,82.0,62.6,0,middle,average,0,0
15,Female,0,81.9,62.5,0,low,poor,0,1
14,Male,0,82.4,54.2,0,low,average,0,0
17,Female,1,85.2,83.9,0,low,average,0,0
16,Male,0,80.1,43.5,0,low,good,0,1
14,Female,1,82.7,65.4,0,middle,good,1,0
15,Male,0,79.5,45.2,0,low,average,0,0
15,Male,0,91.5,68.0,0,middle,good,0,0
14,Female,0,94.3,44.4,0,low,average,0,0
15,Female,1,68.1,71.2,0,low,average,0,1
14,Male,0,77.4,61.7,0,middle,poor,0,0
13,Male,1,80.3,86.2,0,high,average,0,1
14,Female,0,77.3,55.8,0,middle,average,0,0
14,Male,1,97.9,66.4,0,low,poor,1,1
15,Female,0,82.2,48.3,0,low,average,0,0
15,Female,1,71.9,55.7,0,high,good,0,0
12,Female,1,86.0,61.6,0,low,average,0,0
12,Female,1,82.7,37.1,0,low,poor,0,0
13,Male,1,83.0,38.7,0,high,average,0,0
12,Female,1,98.1,69.0,1,high,average,0,0
14,Male,1,83.5,57.8,0,high,average,0,0
15,Female,0,77.0,51.1,0,high,average,1,0
12,Male,0,60.4,48.9,0,high,average,1,1
12,Female,1,78.3,49.5,0,low,good,0,1
13,Male,1,93.1,61.7,1,low,average,1,1
17,Male,1,79.1,66.7,0,middle,good,0,0
13,Female,0,57.6,28.6,0,middle,average,0,1
14,Female,0,75.0,81.2,0,low,average,1,0
15,Female,0,89.9,80.1,0,low,average,0,0
13,Female,1,85.5,25.0,0,low,poor,0,1
12,Male,0,71.6,76.3,0,middle,poor,0,0
15,Female,0,74.3,75.8,0,low,average,0,0
15,Male,0,75.9,60.0,0,low,good,1,0
12,Male,0,73.4,40.5,0,middle,good,0,0
13,Female,0,59.7,75.2,0,middle,average,0,0
12,Male,0,87.6,56.4,0,low,poor,0,1
17,Male,1,92.6,68.2,0,middle,average,0,0
15,Male,0,64.8,93.3,0,middle,average,0,0
16,Male,0,92.4,63.8,0,low,good,0,0
16,Female,0,79.0,46.2,0,low,good,0,0
14,Female,0,92.3,55.0,0,low,good,0,0
12,Female,0,80.4,48.2,0,low,average,1,1
12,Female,0,81.4,66.5,0,high,average,0,0
14,Male,1,83.7,47.9,0,low,average,0,0
14,Male,0,72.1,52.9,1,middle,good,0,0
14,Female,1,91.9,40.7,1,low,poor,1,1
15,Female,1,68.8,58.0,0,low,poor,1,1
17,Female,1,76.0,62.7,0,middle,poor,0,1
12,Male,0,85.2,19.7,0,low,good,0,0
15,Female,0,74.9,63.9,0,low,average,0,0
14,Female,0,87.8,59.3,0,low,average,0,0
12,Female,0,93.8,48.5,0,low,good,0,1
15,Male,1,90.1,90.4,0,middle,good,0,0
17,Male,0,60.6,74.4,0,low,average,1,1
15,Male,0,81.3,43.6,0,high,average,0,0
17,Male,1,90.3,72.6,0,middle,good,1,0
14,Male,1,66.8,78.7,0,low,good,0,0
17,Male,0,87.2,62.0,0,low,average,0,0
12,Male,0,86.7,65.4,0,low,average,0,0
14,Male,0,67.9,65.1,0,middle,average,0,1
12,Female,0,88.3,28.7,0,low,good,0,0
16,Female,0,82.7,57.2,0,high,average,1,0
13,Male,0,86.5,56.4,0,low,average,1,1
17,Male,0,70.3,81.5,0,high,poor,1,0
13,Female,0,81.5,65.0,0,low,good,0,0
13,Male,0,63.0,55.5,1,high,average,1,0
17,Male,0,57.2,58.6,0,low,poor,0,1
14,Male,0,81.4,75.4,1,low,average,0,0
16,Female,1,91.0,57.2,0,low,average,0,1
12,Female,1,82.5,49.5,0,low,average,0,1
15,Female,0,79.4,55.9,0,high,good,0,0
12,Female,0,78.1,74.1,0,low,average,0,1
15,Female,0,70.6,67.4,0,low,good,1,0
12,Male,1,77.8,60.7,0,middle,poor,0,1
17,Female,1,84.2,62.9,0,low,poor,0,1
16,Male,0,75.6,51.6,0,middle,poor,1,1
15,Male,1,87.5,57.1,0,middle,average,0,1
14,Female,0,82.0,50.1,0,low,average,1,1
12,Female,0,83.2,55.6,0,high,good,0,0
12,Male,1,88.9,80.2,0,low,good,0,0
15,Male,1,74.7,43.8,0,low,average,0,1
14,Male,1,86.6,49.7,0,middle,good,0,0
14,Female,1,76.1,41.2,0,middle,average,0,1
17,Female,0,83.4,37.9,0,low,good,0,0
17,Female,1,73.5,57.2,0,middle,average,0,1
17,Female,0,70.9,50.7,0,low,average,1,1
17,Female,1,80.9,86.4,0,low,good,0,0
17,Male,0,61.1,55.8,0,high,average,0,0
17,Female,1,77.0,79.3,0,low,poor,0,0
16,Male,0,63.9,74.5,0,low,average,0,0
14,Male,1,87.8,56.9,0,high,average,0,0
17,Male,0,90.5,91.7,0,high,good,1,0
14,Female,1,71.4,64.0,0,low,average,0,1
14,Female,0,84.3,82.7,0,middle,good,0,0
13,Female,0,89.0,80.9,1,middle,average,0,0
16,Male,0,89.0,66.2,0,high,average,0,1
17,Male,0,82.1,71.3,0,high,good,1,0
12,Male,1,87.3,69.4,0,low,average,0,1
15,Male,0,73.5,42.8,0,low,good,0,0
12,Male,1,80.8,60.9,0,low,average,0,1
16,Male,0,75.3,76.1,0,middle,average,0,0
15,Female,0,72.7,82.9,0,middle,poor,0,0
16,Female,1,80.4,49.2,0,middle,average,0,1
14,Female,1,83.5,67.9,0,high,average,1,1
15,Female,0,91.6,62.3,0,low,good,1,0
14,Male,0,82.7,58.2,0,low,average,0,0
12,Male,1,86.4,65.3,0,low,average,0,1
12,Female,0,86.5,63.3,0,low,poor,0,0
15,Male,1,100.0,68.1,0,low,poor,1,1
15,Female,1,61.9,81.6,0,low,average,1,1
17,Female,1,73.1,71.8,0,middle,good,1,0
16,Female,0,94.7,64.7,0,high,good,0,0
17,Male,1,76.5,88.0,0,middle,good,0,0
16,Female,0,88.9,76.6,0,middle,good,1,0
17,Female,0,82.3,58.6,0,low,average,0,1
14,Female,0,100.0,41.7,0,middle,good,0,0
15,Male,0,68.9,45.2,0,middle,poor,0,0
12,Male,1,92.2,74.0,0,middle,average,0,0
16,Female,1,97.5,50.5,0,low,average,0,1
16,Male,1,69.9,44.9,0,low,poor,0,1
12,Male,0,87.8,48.6,0,low,good,0,0
17,Male,0,70.3,49.7,0,middle,average,1,1
16,Male,0,80.3,72.8,0,high,good,0,0
14,Male,1,77.4,57.6,0,high,average,0,0
15,Male,0,56.0,39.4,0,low,poor,0,0
12,Male,1,84.2,60.5,0,middle,good,0,1
15,Male,0,81.4,63.3,0,high,average,0,0
16,Male,0,94.8,52.8,0,low,average,0,0
16,Male,1,86.1,77.3,0,low,poor,0,1
12,Female,0,100.0,53.7,0,high,average,0,0
14,Female,1,81.1,76.6,0,low,average,1,1
13,Male,1,78.9,69.0,0,high,average,0,0
12,Female,0,78.2,73.9,0,high,good,0,1
13,Female,0,75.6,43.5,0,middle,good,0,0
17,Male,0,57.9,61.5,0,high,good,1,0
13,Male,1,77.8,59.2,0,middle,good,0,0
14,Male,0,59.3,38.7,0,middle,average,1,1
17,Female,1,84.5,76.6,0,low,average,1,1
13,Female,1,67.6,47.7,0,low,poor,1,1
17,Male,1,71.1,50.9,0,low,poor,1,1
13,Male,0,73.3,44.8,0,middle,good,0,1
14,Male,1,78.0,70.5,0,low,average,0,1
13,Female,1,80.1,37.1,0,low,average,1,1
13,Female,0,90.8,69.3,0,low,average,0,0
13,Female,0,74.2,75.7,0,middle,average,0,0
12,Female,1,84.8,68.1,0,high,poor,0,0
12,Male,0,100.0,70.7,0,high,poor,0,0
12,Male,1,83.8,71.4,0,low,poor,1,1
14,Male,0,78.2,45.8,0,high,average,0,0
17,Male,0,72.2,81.5,0,middle,average,0,0
16,Female,1,78.1,53.1,0,middle,poor,1,0
13,Female,0,71.1,59.0,0,middle,good,1,1
13,Male,0,82.7,55.0,0,low,average,0,0
14,Male,0,81.0,67.4,0,high,average,0,1
13,Female,0,58.4,51.9,0,low,good,0,0
12,Male,0,79.8,61.0,0,low,average,0,0
16,Female,0,90.8,41.5,0,middle,good,0,0
15,Male,1,76.0,77.5,1,low,good,0,1
13,Male,0,73.5,70.1,1,low,average,0,1
12,Male,1,66.2,55.6,0,middle,good,0,0
15,Male,0,61.4,53.0,0,low,good,0,0
16,Male,1,88.3,69.7,0,middle,average,0,0
15,Male,0,78.2,49.4,0,middle,average,0,1
12,Male,1,87.7,61.9,0,middle,good,0,0
17,Female,0,95.3,77.4,0,middle,good,0,0
17,Female,0,89.2,47.8,0,middle,average,0,0
15,Female,0,74.6,65.5,0,middle,average,0,0
14,Female,0,81.4,64.7,0,middle,good,1,0
15,Female,0,73.9,58.5,0,middle,average,0,0
13,Male,0,72.9,52.4,0,middle,average,0,0
13,Male,1,83.4,78.2,0,high,good,0,0
17,Female,0,71.7,51.0,0,low,average,1,1
14,Male,0,57.9,32.8,0,low,average,0,1
12,Female,1,71.1,69.6,0,high,good,0,0
13,Female,1,76.9,42.0,1,low,good,0,1
17,Male,0,95.2,70.4,0,low,average,0,0
16,Male,0,75.1,80.0,0,middle,average,1,0
17,Male,0,85.1,69.4,0,low,average,0,0
13,Female,1,78.3,76.1,0,low,good,0,0
13,Male,1,92.3,90.3,0,high,poor,0,1
17,Female,0,91.6,74.5,0,middle,average,0,0
12,Female,1,91.8,65.0,0,low,average,0,1
15,Female,1,62.7,84.5,0,high,good,0,0
13,Male,0,82.1,86.3,0,high,poor,0,0
17,Male,1,87.6,86.5,0,low,average,0,0
17,Female,0,83.8,52.6,0,low,poor,0,0
14,Male,0,86.4,39.7,0,high,good,1,0
15,Male,0,80.6,51.7,0,middle,average,0,0
16,Male,0,72.6,70.6,0,middle,average,1,0
12,Female,0,63.0,62.4,0,high,average,0,0
16,Female,1,73.5,56.9,0,middle,good,1,1
15,Male,0,100.0,68.4,0,low,average,0,0
15,Female,0,75.1,37.9,0,middle,poor,0,1
15,Male,0,60.4,62.1,0,low,average,1,1
16,Male,1,87.3,76.8,0,middle,good,0,0
15,Male,0,88.6,68.2,0,middle,average,0,0
17,Male,0,92.9,70.4,0,low,good,0,0
16,Female,0,84.7,84.0,0,middle,good,0,0
15,Female,0,88.5,59.0,0,low,poor,0,0
17,Female,1,98.4,50.2,1,low,average,0,1
14,Male,1,72.5,77.8,0,middle,average,0,0
15,Male,0,70.6,77.6,0,low,average,0,0
16,Male,1,69.1,68.4,0,middle,average,0,0
13,Female,1,77.3,57.6,1,low,average,0,1
15,Male,1,94.3,60.0,0,middle,good,0,0
13,Female,0,85.3,40.8,0,high,average,1,0
17,Female,0,84.9,76.7,0,middle,good,0,0
14,Female,0,61.8,76.2,0,low,poor,0,1
12,Female,1,73.1,40.3,0,high,poor,0,1
14,Female,0,61.6,73.0,0,low,good,0,0
15,Female,0,91.7,66.1,0,low,average,0,0
13,Male,0,95.9,44.7,0,low,good,0,0
13,Male,1,87.8,41.9,0,low,average,0,1
16,Female,0,70.1,65.6,0,high,average,0,0
13,Female,1,94.8,54.0,0,low,good,0,0
16,Male,1,77.5,87.3,0,middle,average,0,0
17,Female,0,67.9,74.3,0,middle,average,0,0
12,Female,1,70.4,67.1,0,low,good,0,1
15,Male,0,75.7,67.8,0,middle,average,1,0
16,Female,1,80.5,80.0,0,low,good,0,0
12,Female,0,78.4,72.7,0,low,good,0,0
13,Female,1,65.9,67.5,0,low,good,0,1
13,Male,1,92.1,45.3,1,high,poor,0,1
12,Male,1,78.5,100.0,0,high,average,0,0
13,Male,1,72.9,43.5,0,low,good,0,1
17,Female,0,91.1,55.3,0,low,average,0,0
17,Female,1,68.2,35.2,0,middle,poor,0,1
12,Male,1,63.7,68.1,0,low,average,0,1
16,Female,0,92.7,62.3,0,high,average,0,0
16,Female,0,98.9,71.5,0,middle,good,0,0
12,Female,1,75.4,33.9,0,low,good,0,1
16,Female,1,79.5,76.7,0,high,average,0,0
16,Female,1,68.5,47.9,0,low,poor,0,1
17,Male,0,80.1,57.8,0,high,good,0,0
16,Female,1,75.2,74.0,0,high,average,1,0
14,Male,0,79.0,63.9,0,low,good,0,1
15,Female,1,84.1,65.0,0,low,average,0,1
13,Male,0,69.0,72.0,0,high,average,0,0
14,Female,1,76.4,66.4,0,high,average,1,0
16,Male,1,62.0,54.9,0,low,good,0,1
17,Female,0,76.5,57.5,0,high,average,0,0
12,Male,1,79.1,63.2,0,low,average,0,1
16,Female,0,82.3,46.6,1,low,average,0,1
17,Male,1,82.4,74.9,0,high,good,0,0
15,Female,1,89.0,64.3,0,low,good,0,0
16,Male,0,64.6,61.1,0,high,average,0,0
12,Male,1,65.1,77.9,0,low,average,0,1
17,Female,1,85.3,58.2,0,middle,average,1,1
17,Female,0,59.6,57.3,0,low,average,0,1
17,Male,0,81.8,52.7,0,middle,poor,0,0
15,Female,1,68.2,65.1,0,middle,average,0,0
16,Male,1,95.7,64.6,0,low,average,0,1
15,Male,1,82.5,50.0,0,middle,poor,0,1
13,Male,1,77.8,57.3,1,low,average,0,1
13,Female,0,92.3,50.1,0,low,good,0,0
16,Male,1,69.4,49.4,0,high,average,0,0
15,Male,0,71.3,34.1,0,low,average,0,1
12,Female,0,67.4,56.5,0,middle,average,0,0
17,Female,0,71.3,34.5,0,middle,average,0,1
17,Female,0,80.6,53.1,0,middle,poor,0,0
16,Female,0,84.9,50.8,0,low,good,0,0
13,Male,0,89.6,75.8,0,low,poor,0,0
13,Male,1,61.8,44.8,0,low,average,0,1
17,Male,0,78.3,48.6,0,middle,average,0,0
16,Male,0,68.9,54.3,0,high,good,0,0
15,Female,0,77.9,51.3,0,middle,average,0,0
13,Male,0,100.0,80.5,0,low,average,0,0
15,Male,0,82.9,42.9,0,low,poor,1,1
13,Female,0,89.0,54.3,0,low,average,0,0
13,Male,1,99.6,65.0,0,low,good,0,0
14,Male,1,91.3,73.2,0,low,good,0,1
13,Male,1,75.5,54.3,0,low,poor,0,1
12,Male,0,67.2,31.2,0,low,average,0,1
16,Male,0,79.7,57.7,0,low,good,0,1
16,Male,1,74.3,80.3,0,low,average,0,1
15,Female,0,64.8,64.2,0,low,average,0,0
13,Female,0,82.4,63.5,0,low,good,0,0
12,Male,0,82.7,44.1,0,low,good,0,0
15,Male,0,97.7,42.5,0,middle,average,0,0
14,Female,0,76.4,60.3,0,low,average,0,0
15,Male,0,82.8,38.6,0,low,average,1,1
15,Male,0,73.3,71.7,0,low,good,0,0
13,Male,0,88.7,47.3,0,low,average,0,0
14,Female,1,78.8,59.6,0,low,average,0,1
15,Male,1,68.3,31.7,0,low,average,0,1
12,Female,1,79.9,54.1,0,middle,poor,1,1
12,Male,1,83.9,42.2,0,low,average,1,1
16,Female,1,82.6,25.2,0,low,average,0,1
14,Female,0,90.5,68.1,0,high,average,1,0
14,Male,0,65.5,84.6,0,low,average,0,0
16,Female,0,71.6,76.9,0,low,good,0,0
15,Male,1,86.4,70.2,0,high,poor,1,1
14,Female,1,72.7,53.8,0,high,good,0,0
12,Male,0,82.4,72.1,0,low,good,0,0
12,Male,1,55.8,78.4,0,low,average,0,1
13,Female,0,100.0,62.1,0,low,average,1,0
14,Male,1,77.3,42.2,0,low,good,0,1
15,Male,0,91.9,52.5,0,middle,average,1,0
16,Female,0,76.6,85.5,0,low,average,0,0
16,Male,0,84.1,58.9,0,low,average,0,1
15,Male,0,94.9,10.1,0,high,average,1,1
17,Female,0,91.7,38.0,0,high,good,0,0
13,Female,0,78.0,53.6,0,low,good,1,0
16,Male,1,78.6,75.5,0,middle,good,0,0
14,Male,0,90.0,55.9,0,low,poor,0,1
13,Female,0,100.0,75.8,0,high,poor,0,0
14,Female,1,81.9,52.1,0,low,average,0,1
12,Male,1,99.6,30.5,0,low,poor,0,1
13,Female,0,77.6,52.6,0,low,average,1,0
16,Male,0,89.5,65.2,0,low,average,1,0
13,Male,0,91.0,63.9,0,low,average,0,0
13,Male,0,75.9,41.2,0,middle,average,1,1
13,Male,1,72.5,54.7,0,middle,average,1,1
17,Male,0,91.5,100.0,0,low,average,0,0
13,Female,0,74.7,41.5,0,low,average,0,1
14,Female,1,71.1,69.9,0,low,average,1,1
12,Female,0,73.2,28.5,0,high,average,0,1
15,Female,0,74.6,73.0,0,high,good,1,0
13,Male,0,88.6,46.6,0,high,good,1,0
16,Male,1,85.2,66.0,0,high,good,1,0
13,Male,0,87.2,40.6,0,low,average,0,0
16,Male,1,84.2,64.4,0,low,poor,0,1
14,Female,0,74.1,46.4,0,middle,average,0,0
16,Male,0,87.0,49.3,0,high,good,0,0
15,Male,1,91.8,66.6,1,low,average,0,1
12,Female,1,85.8,53.5,0,low,good,0,1
16,Female,1,84.5,65.7,0,high,average,0,0
16,Female,1,72.3,57.1,0,low,good,1,1
12,Female,1,82.1,61.0,0,low,good,0,1
15,Male,0,71.8,66.7,0,middle,poor,0,0
13,Male,0,79.8,54.7,0,low,average,0,0
16,Female,1,63.6,45.1,0,low,average,0,1
12,Male,0,63.7,52.0,0,middle,average,0,1
14,Male,1,78.1,77.9,0,middle,average,0,0
12,Male,1,74.5,61.7,0,high,average,0,0
14,Female,0,81.1,47.3,0,low,average,0,0
15,Male,0,78.7,66.0,0,low,average,0,0
13,Female,1,80.3,67.0,0,middle,average,1,1
12,Male,0,86.1,67.8,0,middle,poor,1,0
17,Male,1,75.4,45.3,0,low,average,1,1
16,Male,0,77.8,49.8,0,middle,average,1,0
15,Female,1,94.6,49.8,0,low,good,1,1
12,Male,0,80.0,54.6,0,low,poor,1,1
16,Female,1,78.2,68.1,0,low,good,0,0
12,Female,0,80.8,64.4,0,low,average,0,0
14,Female,0,78.4,65.6,0,low,poor,0,1
12,Male,0,72.9,80.3,0,middle,average,0,0
17,Male,1,70.0,70.3,0,middle,average,0,0
12,Male,1,72.4,57.9,0,high,average,0,1
12,Male,0,88.7,42.2,0,low,average,1,1
17,Female,0,73.7,49.3,0,low,average,1,1
15,Female,0,78.5,56.1,0,low,poor,0,1
12,Female,1,87.0,72.4,0,low,poor,0,1
17,Male,1,77.2,59.6,0,middle,good,1,1
16,Female,0,86.3,50.2,0,middle,average,0,0
14,Male,0,64.6,49.0,0,middle,average,0,0
14,Female,0,78.7,59.0,0,low,good,0,0
12,Male,0,80.8,73.3,0,low,average,0,0
15,Male,0,80.2,83.9,0,low,good,0,0
15,Female,1,63.5,56.9,0,low,average,1,1
16,Female,0,92.0,59.3,0,middle,poor,0,0
12,Female,1,71.5,41.8,0,high,good,0,0
14,Female,0,83.4,89.1,0,low,average,0,0
15,Male,0,80.1,39.0,0,middle,good,0,0
12,Female,1,90.0,77.6,0,middle,average,1,1
15,Female,1,100.0,54.5,0,low,average,0,1
17,Female,1,67.1,51.0,0,middle,good,0,0
15,Male,0,73.5,43.3,0,low,poor,0,1
14,Male,0,81.9,96.2,0,low,good,0,0
13,Female,1,68.9,63.3,0,middle,average,0,1
16,Male,0,87.8,60.3,0,high,average,0,0
16,Female,0,88.4,73.3,0,low,average,0,0
14,Male,0,85.6,50.2,0,low,good,0,0
15,Male,0,82.4,60.0,1,high,poor,0,0
12,Male,1,93.7,60.8,0,high,average,1,0
15,Male,0,68.4,52.3,0,middle,good,1,0
14,Female,0,80.7,78.0,0,low,good,0,0
16,Female,0,72.6,56.7,0,high,poor,0,0
15,Female,0,88.9,36.7,0,low,average,0,0
16,Male,0,61.7,55.5,0,middle,average,1,0
12,Female,0,79.7,63.7,0,low,average,0,1
16,Female,0,83.4,46.6,0,middle,average,0,0
16,Female,1,70.5,47.8,0,low,average,0,1
13,Male,0,73.7,51.8,0,low,average,1,1
13,Male,0,80.2,78.3,0,low,good,0,0
17,Male,1,89.6,52.7,0,low,good,0,1
13,Female,1,69.7,81.4,0,middle,average,0,0
16,Female,0,71.4,50.8,0,high,average,0,0
14,Female,0,91.3,64.9,0,high,average,0,0
16,Male,0,77.3,53.3,0,low,average,1,1
14,Male,1,72.2,71.3,0,middle,good,1,0
14,Female,1,87.3,43.2,0,middle,average,0,1
13,Male,1,75.1,71.1,0,low,average,1,1
15,Male,0,90.3,61.7,0,low,average,0,0
12,Male,1,73.4,50.4,0,middle,average,0,1
13,Male,0,78.4,57.5,0,high,poor,0,0
13,Female,0,89.4,83.0,0,middle,poor,1,0
15,Male,0,77.7,62.1,0,low,average,0,0
12,Male,1,87.6,49.5,0,middle,average,0,1
16,Male,0,79.3,41.9,0,low,good,1,1
17,Male,1,99.8,67.6,0,middle,good,0,0
17,Female,0,95.7,62.9,0,middle,average,0,0
16,Female,0,66.7,70.4,0,low,average,0,0
13,Male,0,85.2,38.1,0,high,average,0,0
12,Male,0,71.8,42.4,0,low,average,1,1
13,Male,1,81.9,77.2,0,high,average,0,0
14,Male,0,80.7,65.0,0,low,average,0,0
13,Male,1,69.4,68.0,0,low,average,0,1
13,Male,1,90.6,45.6,0,low,poor,0,1
16,Female,1,82.0,45.3,0,low,poor,0,1
16,Male,0,77.2,74.9,0,low,poor,0,0
16,Female,0,75.6,75.6,0,middle,good,1,0
17,Female,0,81.4,43.7,0,middle,average,0,0
14,Male,1,84.1,40.8,0,middle,average,0,1
16,Female,1,78.8,58.4,0,low,average,0,1
12,Female,0,51.7,48.0,0,middle,good,0,1
17,Female,1,80.2,47.7,0,low,good,0,1
15,Female,0,65.6,41.2,0,middle,good,0,0
12,Female,1,77.9,53.0,0,low,poor,1,1
12,Female,0,66.0,42.7,0,high,average,0,0
16,Male,1,65.8,43.6,0,middle,good,0,1
15,Female,0,92.4,64.5,0,middle,poor,0,0
15,Female,1,76.8,59.2,0,low,average,1,1
17,Female,1,76.0,67.3,0,low,good,0,1
15,Male,1,84.8,35.3,0,low,average,0,1
14,Female,0,76.3,60.1,0,high,poor,0,0
16,Male,0,100.0,91.1,0,high,poor,0,0
15,Female,0,77.3,54.4,0,low,average,0,0
17,Male,0,83.7,72.4,0,middle,poor,1,0
14,Male,0,89.7,72.2,0,middle,average,0,0
13,Female,1,96.0,73.0,0,middle,good,0,0
13,Female,0,72.6,62.5,0,low,poor,0,1
14,Male,0,75.8,68.5,0,low,good,0,0
17,Female,0,92.7,70.5,0,low,average,0,0
14,Male,0,88.1,69.5,0,high,poor,0,0
16,Male,1,90.8,43.2,0,low,good,0,1
16,Male,0,66.3,34.4,0,low,good,0,0
13,Male,1,95.5,36.7,0,high,average,0,0
15,Male,0,72.4,55.9,0,middle,good,0,0
17,Female,1,81.9,68.9,0,high,good,1,0
13,Male,1,78.5,43.4,0,low,good,0,1
15,Male,0,71.2,73.9,0,low,average,0,0
15,Female,1,65.9,52.5,0,high,good,1,1
16,Male,0,62.6,52.6,0,low,good,0,0
12,Female,1,81.2,47.5,0,low,good,1,1
12,Female,0,64.7,31.7,0,low,poor,1,0
14,Female,1,68.7,63.4,0,low,average,1,1
16,Male,1,77.8,85.7,0,low,average,1,1
15,Male,1,53.6,59.1,0,high,poor,0,1
17,Male,1,87.8,32.2,0,high,good,0,0
12,Female,0,55.9,71.7,0,high,poor,0,0
15,Male,0,79.2,35.6,0,low,poor,0,1
12,Female,0,80.2,41.9,0,low,good,0,0
12,Male,0,85.4,56.4,0,low,average,0,0
12,Female,1,79.6,61.8,0,high,poor,0,0
17,Male,0,100.0,44.9,0,low,average,1,1
16,Male,1,82.2,55.8,0,middle,average,1,1
17,Male,1,90.5,70.7,0,middle,poor,1,1
13,Female,1,72.8,72.8,0,low,good,0,0
15,Female,0,81.2,78.8,0,low,average,1,0
16,Male,1,95.5,88.6,0,high,average,1,0
16,Male,1,77.6,72.1,0,high,average,0,0
16,Female,0,81.9,56.7,0,low,average,0,0
16,Female,1,89.8,72.9,0,low,average,1,1
17,Female,1,72.6,67.0,0,high,average,1,0
16,Male,0,58.4,67.6,0,low,average,0,0
14,Female,0,82.6,62.7,0,low,good,0,0
15,Male,0,89.9,46.3,0,low,poor,0,1
16,Female,0,66.5,44.6,1,middle,average,0,0
15,Male,0,86.7,58.5,0,low,good,1,0
14,Female,0,86.8,62.2,0,low,poor,1,1
14,Female,0,57.3,49.8,0,low,poor,0,1
15,Female,0,70.6,66.4,0,middle,average,0,0
12,Female,1,76.0,91.2,0,high,average,0,0
13,Female,0,78.2,33.8,0,high,poor,0,0
12,Male,1,72.6,68.7,0,high,average,0,0
12,Female,0,72.0,59.0,1,middle,average,0,0
17,Female,0,96.7,66.8,0,low,average,0,0
12,Female,0,78.9,53.5,0,low,average,0,0
16,Male,0,73.0,57.8,0,high,average,0,0
17,Female,0,79.6,61.9,0,low,good,0,0
17,Male,1,85.4,55.5,0,low,good,0,1
14,Female,0,80.5,37.2,0,middle,good,0,0
12,Female,1,77.9,56.5,0,low,average,0,1
14,Male,1,73.5,38.8,0,low,average,1,1
15,Female,0,73.4,69.8,0,high,average,1,0
13,Male,0,74.0,32.0,0,high,poor,1,1
17,Male,1,83.4,75.4,0,low,poor,1,1
15,Female,0,70.1,66.4,0,high,average,0,1
15,Male,0,83.9,66.5,1,middle,average,0,0
16,Female,1,94.1,27.5,0,middle,average,0,1
13,Female,0,83.3,55.1,0,low,good,1,0
15,Male,1,76.3,77.3,0,low,poor,1,1
15,Male,1,67.0,52.2,0,middle,poor,0,1
13,Male,0,95.8,43.8,0,high,poor,0,1
13,Male,0,68.3,50.4,0,middle,average,0,0
15,Female,0,88.5,59.0,0,low,average,0,0
13,Female,0,86.4,47.2,0,low,average,0,1
15,Male,0,77.6,78.5,0,high,average,0,0
15,Female,1,77.4,59.0,0,low,good,0,1
16,Female,0,61.6,51.7,0,middle,good,0,0
12,Female,0,83.3,40.5,0,low,good,0,0
15,Female,1,86.2,67.3,0,low,good,0,0
14,Male,1,69.1,66.9,0,middle,average,1,1
17,Male,1,78.4,48.1,0,middle,poor,0,1
12,Female,0,80.4,26.5,0,low,poor,1,1
12,Male,1,85.8,66.2,0,low,poor,1,1
12,Male,0,80.0,57.2,0,high,average,0,0
16,Male,0,63.7,65.0,0,low,good,0,0
15,Female,0,74.7,89.4,0,middle,average,0,1
16,Female,1,82.2,59.6,0,high,poor,0,1
15,Female,0,88.4,52.3,0,low,average,1,1
16,Male,0,73.8,42.8,0,high,good,0,0
16,Female,0,100.0,55.3,1,low,average,1,1
17,Female,0,61.1,62.4,0,middle,good,0,0
14,Male,1,74.4,60.8,0,low,good,0,0
16,Female,1,79.2,85.9,0,high,good,0,0
17,Female,1,78.0,67.5,0,low,good,0,1
13,Male,0,67.7,58.0,0,low,good,0,0
14,Male,0,84.5,49.4,0,high,average,1,0
16,Male,0,83.7,64.0,0,middle,poor,0,0
12,Female,0,80.5,46.4,0,middle,average,0,0
13,Female,0,83.3,62.7,0,low,poor,0,0
13,Female,1,75.8,67.3,0,middle,good,0,0
17,Male,0,63.8,56.8,0,low,average,1,1
13,Male,0,72.8,50.5,0,low,good,1,1
14,Female,0,81.6,27.2,0,middle,average,0,0
16,Female,0,81.6,77.2,0,low,average,1,1
16,Male,0,80.4,66.0,0,high,good,0,0
12,Male,1,85.5,66.4,0,high,average,0,0
17,Male,1,74.2,36.6,0,middle,average,0,1
12,Male,1,80.3,80.7,0,high,poor,1,0
13,Female,0,85.7,53.0,0,middle,average,0,0
12,Male,0,79.2,55.7,0,low,average,0,0
14,Female,0,67.6,44.0,0,middle,average,0,1
16,Female,0,70.4,33.2,0,low,average,0,1
13,Female,1,88.3,77.4,0,low,good,0,0
12,Male,0,93.9,79.3,0,high,good,0,0
17,Male,0,91.8,57.5,0,middle,average,0,0
14,Male,0,82.3,49.8,0,high,average,0,0
14,Male,0,68.0,54.3,0,low,good,0,0
12,Female,1,79.9,54.8,1,middle,average,0,1
16,Male,0,95.6,42.0,1,low,average,0,1
12,Male,0,86.2,55.6,0,middle,average,0,0
13,Female,0,77.9,62.3,0,middle,good,1,0
12,Male,0,86.3,75.3,0,middle,average,0,0
14,Female,1,67.3,60.2,0,low,average,0,0
12,Female,1,73.0,36.4,0,low,average,0,1
16,Female,1,69.2,65.3,0,low,average,1,1
17,Female,1,84.7,56.2,0,middle,poor,1,1
15,Female,0,87.1,80.6,1,high,average,0,0
12,Female,1,78.5,81.4,0,low,good,0,0
16,Female,0,71.3,82.0,0,middle,good,0,0
16,Female,0,79.8,51.6,0,high,average,0,1
17,Male,1,75.1,89.8,0,middle,average,0,0
14,Male,0,72.0,65.3,0,middle,average,0,0
16,Male,1,83.4,84.4,0,high,good,0,0
16,Male,0,72.4,52.5,0,low,good,0,0
16,Female,1,64.3,55.5,0,low,average,0,1
16,Male,1,66.6,64.1,0,low,average,0,1
13,Female,1,64.0,62.3,0,high,good,0,0
13,Male,1,82.5,78.8,0,high,average,0,0
14,Male,1,81.5,56.5,0,middle,average,0,0
12,Male,0,81.0,77.5,0,low,poor,0,0
16,Female,0,85.9,71.0,0,low,average,0,1
17,Male,0,91.9,56.8,0,low,average,0,1
12,Female,1,74.1,69.8,0,low,good,0,0
17,Female,0,84.1,52.9,0,middle,average,0,0
12,Male,1,64.2,95.3,0,high,average,0,0
14,Male,0,93.8,20.0,0,high,average,0,0
16,Male,0,67.6,70.1,0,middle,average,0,0
16,Female,1,72.9,33.5,0,low,poor,0,1
15,Male,0,74.0,56.6,0,low,average,0,0
17,Female,0,64.7,58.7,1,low,good,0,1
12,Female,0,80.3,82.6,1,middle,poor,0,0
12,Male,1,82.1,49.6,0,high,poor,0,0
13,Male,1,78.1,79.6,0,low,poor,1,1
15,Female,0,64.6,42.3,0,low,average,0,0
13,Female,0,99.8,80.2,0,low,good,0,0
13,Female,0,85.5,52.9,0,low,poor,0,1
13,Male,1,100.0,61.1,0,low,good,0,0
17,Female,1,71.9,55.0,0,low,poor,1,1
17,Male,0,89.6,79.2,0,low,good,0,0
14,Female,0,87.8,76.3,0,high,average,1,0
14,Female,0,77.1,66.7,0,middle,average,0,0
13,Male,1,94.1,42.7,0,low,average,0,1
15,Female,1,75.9,49.3,0,low,average,1,0
12,Male,0,76.4,44.6,0,low,good,0,0
17,Male,0,45.3,26.3,0,low,good,0,1
15,Female,0,84.1,78.9,0,low,average,0,0
16,Male,1,66.7,55.1,0,middle,poor,0,1
17,Male,0,74.5,54.9,0,middle,poor,0,0
17,Female,1,69.7,82.4,0,middle,good,0,0
14,Male,1,76.3,52.9,0,low,average,0,1
12,Male,0,84.4,47.4,0,high,average,1,1
12,Male,0,80.1,56.6,0,low,average,1,0
16,Female,0,87.1,43.0,0,low,good,0,1
16,Male,1,92.7,65.2,0,middle,average,0,0
17,Female,1,76.3,54.4,0,middle,good,0,1
13,Female,1,75.2,52.4,1,high,good,0,0
